house_id,SalePrice
2345,165835.17207510787
2346,102470.281303248
2347,185265.7841320531
2348,126207.98868898368
2349,111710.4217174141
2350,179532.39066109387
2351,185440.2069906832
2352,145956.9901203318
2353,86439.72015997606
2354,384443.07891615503
2355,230776.0767122997
2356,239834.69886361697
2357,78504.03077627951
2358,133671.96987610304
2359,107886.0098634658
2360,151916.6714198505
2361,142588.93299632164
2362,189342.61685242012
2363,130812.39186101493
2364,132473.58322168572
2365,196670.08174428463
2366,125983.85809136338
2367,203022.79248042544
2368,197506.64958354627
2369,192058.11264675212
2370,301748.1454646947
2371,350719.99469013594
2372,225568.9227945059
2373,179189.42941981112
2374,238701.16394823475
2375,186155.3562391225
2376,82775.35089260143
2377,238067.16062640096
2378,94969.07717837032
2379,121787.90529444428
2380,69913.95982384933
2381,184251.25930082065
2382,324349.08161982574
2383,190006.3975751777
2384,262739.64065245964
2385,363646.19223534205
2386,220869.56899993657
2387,220187.9209508653
2388,172752.21616788692
2389,124090.25286221493
2390,334579.30025076284
2391,183958.16925592348
2392,144198.7941545052
2393,161025.32068122993
2394,117524.62531170972
2395,182049.58679016845
2396,132689.5968847277
2397,136815.7982829354
2398,160053.9969024987
2399,207239.6934344945
2400,190997.4847717989
2401,202144.0447465995
2402,129991.71627619208
2403,229671.93686556123
2404,139016.17486249504
2405,66014.03764981574
2406,142143.7270388531
2407,87715.85622538107
2408,358899.6369109604
2409,253143.94617287425
2410,186211.21872298443
2411,117181.38752177106
2412,231809.3470891479
2413,151745.48521364125
2414,183701.0506715804
2415,175648.27669079357
2416,209884.17896088815
2417,332318.07690594083
2418,81829.22071751463
2419,130910.84604844027
2420,407984.3237946313
2421,156911.99531954748
2422,239379.1304231932
2423,155619.4067881732
2424,182703.84055207451
2425,145787.94371859898
2426,147473.7115209417
2427,111864.27028864175
2428,182818.0340913511
2429,287195.3880614857
2430,183248.07769402492
2431,116245.84136873238
2432,124019.66346165484
2433,207913.6561742224
2434,439865.1701166216
2435,213368.75744922232
2436,98980.42664161562
2437,123826.06864421917
2438,56960.27288108837
2439,198042.10834515007
2440,171650.78674755117
2441,48085.1199889406
2442,226853.3072404996
2443,201989.70858227933
2444,290719.8844983245
2445,136742.13864534674
2446,312352.67866087257
2447,427190.9063623992
2448,364859.4554777463
2449,239264.06811864037
2450,154437.55923184025
2451,307331.34762328543
2452,191928.15297525743
2453,171948.69257595012
2454,87925.07168086612
2455,244111.7835903261
2456,132407.28282779967
2457,123441.6651452775
2458,94717.1474306762
2459,206382.92010402717
2460,122095.59062522612
2461,228219.73409924292
2462,315380.6492403237
2463,200042.8839820077
2464,174815.59996028955
2465,118978.21862605384
2466,124472.94338127707
2467,120795.4138096182
2468,132537.96005591826
2469,108590.56696753782
2470,510052.56377086247
2471,119647.7907112946
2472,218939.31991537145
2473,177233.6559796778
2474,249561.16528576595
2475,105061.63296477862
2476,169895.64141305513
2477,166170.38192048803
2478,125262.54684431144
2479,349831.5058377118
2480,253836.2572792053
2481,137605.5637233861
2482,148772.22520488338
2483,293686.66660421266
2484,209006.637064748
2485,193707.66427024937
2486,254462.2854716502
2487,162934.46089932648
2488,218791.5427471649
2489,117170.80733123912
2490,118552.01974554604
2491,208133.41520969995
2492,239438.747232782
2493,145829.1880618799
2494,104758.85586232384
2495,227243.3868530799
2496,398635.3703097649
2497,150616.24365386216
2498,252922.439953214
2499,138718.51562022598
2500,164524.6394477351
2501,265583.7246018944
2502,63100.34270425688
2503,190258.79720010987
2504,142981.66282250336
2505,236052.84734064888
2506,105525.79013001468
2507,282708.7291585052
2508,158299.16602546984
2509,148260.94246256142
2510,211518.5409576016
2511,447840.3529456767
2512,253322.0752392598
2513,279001.2721362261
2514,266079.6794335741
2515,119766.7850796212
2516,102896.922957182
2517,290227.14405885333
2518,441030.73348923726
2519,140796.54115065135
2520,452811.26423252624
2521,135142.77099896054
2522,82352.00905463098
2523,83305.7872268765
2524,128031.75714201336
2525,258749.43935777972
2526,187147.61850143428
2527,150986.9005537968
2528,105796.4458091494
2529,106414.067522899
2530,197921.44110668215
2531,74762.1093134643
2532,279914.1856128204
2533,194324.29946376316
2534,163825.95562980592
2535,148762.803133136
2536,370344.3908707164
2537,87717.84878619573
2538,305151.703882186
2539,119860.95233516
2540,100472.33027586024
2541,131750.09708271368
2542,151984.99698543496
2543,185813.54349870863
2544,117215.93171793284
2545,114154.56408590935
2546,176660.64695210586
2547,150936.9719604969
2548,205798.86922234055
2549,171609.45686508418
2550,422462.938330038
2551,134518.63624371315
2552,125866.25718046456
2553,153868.33972003078
2554,67647.44626694624
2555,155324.67096915888
2556,343080.0196150934
2557,229511.35070171155
2558,299088.2514058127
2559,246913.1864671893
2560,75245.67363731403
2561,334809.3799279849
2562,188144.44713643263
2563,136129.72452977992
2564,339726.81567144225
2565,108269.9148236506
2566,320321.9089061019
2567,314652.920626374
2568,174375.7562082538
2569,79755.09325486787
2570,93309.84753439574
2571,210561.6661953512
2572,279654.32051343465
2573,151368.71603302
2574,218953.72739360665
2575,190144.64661386405
2576,194986.00921555428
2577,151896.32190238807
2578,206290.57416857345
2579,174231.72959348152
2580,250846.22527315372
2581,177355.50021298963
2582,328872.43255460955
2583,136385.39780027338
2584,227015.94075185608
2585,183991.6416240497
2586,168173.82073753263
2587,212767.6552422134
2588,118688.46817465292
2589,267524.4391530516
2590,229712.27045290623
2591,287381.5848635559
2592,274887.9252466444
2593,171723.39525796106
2594,365532.5468618064
2595,136193.70826391754
2596,98954.01897237022
2597,148411.95179956092
2598,133529.0974477653
2599,252795.85739942832
2600,84612.16938526595
2601,124137.82198224727
2602,148895.20927544776
2603,186058.55787504572
2604,108254.31183829022
2605,99359.4994434146
2606,230349.40970326596
2607,249676.27367762587
2608,109280.65541973311
2609,270453.9842453858
2610,140080.49874568149
2611,136848.56708037853
2612,398695.1677953035
2613,109829.25322028488
2614,134325.522720251
2615,195458.0133502516
2616,83790.54333292929
2617,142287.76397697302
2618,127991.84183333543
2619,316256.277066517
2620,115197.9287641587
2621,127393.15808166168
2622,164643.28964137327
2623,248652.14185359323
2624,183177.20541590243
2625,392894.8949720413
2626,157970.3519450968
2627,239476.9636986698
2628,195793.3812472584
2629,126308.47582382945
2630,268545.5862039906
2631,253345.19716678772
2632,134594.01052792947
2633,167436.18695932598
2634,125277.32038245365
2635,112008.7114245351
2636,144047.15209114144
2637,250655.22347251145
2638,147176.42251219618
2639,99717.67110820123
2640,178406.30744490662
2641,230385.7131868138
2642,269306.45777785144
2643,152274.3655455163
2644,104225.03118849058
2645,190704.038804488
2646,272114.4607074224
2647,112087.6594629132
2648,334391.49596948834
2649,146153.77484810795
2650,237701.95745104077
2651,111147.67732364824
2652,199641.50568910217
2653,163640.11476793402
2654,303652.143401726
2655,139366.4762649836
2656,194180.4580426756
2657,175444.30908593454
2658,106639.13395384676
2659,215266.7413654436
2660,330302.8591376055
2661,413350.455481937
2662,234011.2334017256
2663,338347.37496818893
2664,412286.8577610024
2665,229879.86567909116
2666,137403.9228598863
2667,141138.33401918883
2668,142496.95947068598
2669,373355.0300528687
2670,218516.63301696727
2671,134621.76011303678
2672,340394.71926279616
2673,150919.84123113862
2674,160237.44452657754
2675,226226.56790375232
2676,195327.39080651425
2677,152077.8686655386
2678,243902.67630162404
2679,267823.84640692064
2680,122497.26336274664
2681,81427.62983628473
2682,116868.15402491932
2683,298658.3671915689
2684,134855.41770169843
2685,117173.0892807223
2686,128905.77695466188
2687,93375.10291814344
2688,183006.44953455083
2689,105242.2713734272
2690,215151.82248665465
2691,204538.40265943896
2692,195434.4038975949
2693,128966.68112419176
2694,130749.85029270532
2695,218117.73377765997
2696,316005.38606481696
2697,138326.462240592
2698,135992.33637749514
2699,218298.9811007862
2700,99513.5698020951
2701,125939.12567664355
2702,106313.76471510706
2703,137341.40726507222
2704,120777.72002925856
2705,88732.83976276008
2706,365632.6374961642
2707,398950.3436652705
2708,102951.9170723556
2709,98193.3747187471
2710,118461.4956510176
2711,209590.62031845117
2712,126007.66375739528
2713,125002.72092327516
2714,110225.02261272584
2715,129896.962877344
2716,76052.65891346647
2717,122568.54109743614
2718,108627.91650703234
2719,198151.1161465865
2720,103735.18894540452
2721,139159.32081556204
2722,331429.8045214932
2723,189616.7490250249
2724,358538.98344007955
2725,119164.93057365347
2726,118043.44259312363
2727,250376.44941039424
2728,416013.5188665521
2729,155922.62840130797
2730,282804.8168259187
2731,77257.333523269
2732,158899.60977006523
2733,270813.26113146765
2734,125150.29055505442
2735,105896.01124070043
2736,184866.91156224735
2737,165804.44904715056
2738,140421.86228686408
2739,117255.80915925727
2740,264063.404377738
2741,143190.2019504771
2742,156372.64300389483
2743,140079.60564981046
2744,92881.70245483988
2745,144649.0791587574
2746,165358.49151886837
2747,171909.06893029693
2748,206339.9672166324
2749,112779.30251757092
2750,133510.59858336276
2751,465481.3807536878
2752,214276.78058164107
2753,121956.34872216872
2754,125237.17309427953
2755,122843.10424060478
2756,229196.03702011093
2757,423819.21784208895
2758,183099.3140691563
2759,134154.38321387436
2760,186068.0303222866
2761,163814.30728039687
2762,187774.5135500338
2763,235520.24447667573
2764,125040.26982432464
2765,103311.74283151192
2766,262631.86083801417
2767,155855.56753375754
2768,340523.23636114417
2769,175105.46117126045
2770,177611.4332625221
2771,221740.6327853652
2772,244893.04778208197
2773,133662.67786378908
2774,127665.4841577965
2775,239417.51067934668
2776,197202.5927111266
2777,121423.07693452942
2778,227766.13684927783
2779,122518.17667724022
2780,265518.62691085803
2781,103481.57385110008
2782,128621.527744673
2783,149859.3487517924
2784,196185.7175856568
2785,92232.11987558902
2786,205822.25579496537
2787,363845.26340842986
2788,153804.4786019217
2789,228044.7290330252
2790,132081.71366018412
2791,125273.12694167598
2792,89573.742587903
2793,115385.01062368006
2794,69497.98738150451
2795,429674.496807147
2796,199069.67968983715
2797,167849.9234398724
2798,131075.04505554587
2799,107479.07634249065
2800,152062.29714521643
2801,168528.70177926787
2802,354161.52745851845
2803,157894.96205860388
2804,115169.06847398104
2805,358624.9077430942
2806,278602.3983533397
2807,135071.38785777095
2808,288154.9688735156
2809,131716.19722736458
2810,229747.89956687333
2811,285419.25878341263
2812,120666.84666663808
2813,141835.03540964588
2814,229361.60974036087
2815,118004.11091871494
2816,135261.6355941628
2817,197397.6521624649
2818,224458.21304020687
2819,90352.08217021436
2820,147325.90812416584
2821,97812.56830748232
2822,113309.78538612554
2823,144381.95502209268
2824,223704.3519878373
2825,151468.26468092285
2826,145390.3065389843
2827,98294.10480267936
2828,137943.1478751672
2829,128319.99907587148
2830,91812.34402234464
2831,115557.98580600154
2832,333993.4027366473
2833,149692.22671233158
2834,112251.87954190523
2835,195143.61754325495
2836,170711.40551546548
2837,77040.5994345025
2838,221859.90146724865
2839,94979.03021163416
2840,141100.5068719064
2841,84879.26170321819
2842,150499.43410351308
2843,296290.7585858517
2844,325355.6496595383
2845,229527.15619752504
2846,121295.3360812133
2847,141247.4330858356
2848,322296.7431351912
2849,399043.7973425019
2850,183487.65994607203
2851,136587.6376340557
2852,154201.3647149207
2853,307552.5397130054
2854,124089.36558213808
2855,162328.34254472313
2856,475324.8698135715
2857,146533.08965860715
2858,79879.94815895289
2859,130712.44442901186
2860,232299.08623740816
2861,274800.5565679388
2862,148880.8451363165
2863,138753.20265771402
2864,163256.02624920307
2865,195613.19755789184
2866,165408.9745523652
2867,233046.50797151937
2868,249342.6309634904
2869,147151.01341706037
2870,88325.67981741016
2871,280663.7847551543
2872,181355.59607513103
2873,117859.29131664585
2874,135325.87469446
2875,166973.36762019427
2876,150632.36718682665
2877,129746.7500502703
2878,193901.85834624688
2879,196562.1135750697
2880,295402.89250665583
2881,359441.9641611616
2882,170550.81932094938
2883,238988.06603084685
2884,202990.63017068937
2885,141428.13900124375
2886,273215.8957305523
2887,148052.42550576298
2888,320987.7267762768
2889,90875.76581196304
2890,172417.2880374525
2891,153543.0194884304
2892,462660.8811668524
2893,190987.25657402756
2894,139610.09773790918
2895,145637.58687119407
2896,163772.06502324867
2897,110514.2656811849
2898,277512.31993812945
2899,161552.8728367425
2900,126122.604051692
2901,216787.78757161385
2902,146967.56007910712
2903,240647.0023735549
2904,106919.16451742682
2905,154564.4945367747
2906,185886.60031561647
2907,259992.6736060519
2908,142978.0988060531
2909,223737.6657923324
2910,136448.871589576
2911,128353.27309193042
2912,84536.33296886012
2913,182580.46680107855
2914,209695.5326493195
2915,75892.66794520007
2916,153444.89746176574
2917,229828.2313421754
2918,283320.9892082223
2919,77882.18882872832
2920,191821.17779981595
2921,167847.8319200946
2922,253874.6391369849
2923,143055.27338627406
2924,130740.84706521146
2925,74083.12706283957
2926,189893.27672214684
2927,478352.4667413591
2928,177627.56699427386
2929,127768.95225666664
2930,147756.68081348453
